<?xml version="1.0" encoding="UTF-8" standalone="yes"?>
<consultation internal_id="1806255" date_generation="2025-01-27T10:07:30" xmlns:ns2="lsysm">
    <patient internal_id="10131">
        <nom>NOM USUEL SSR COMPLET</nom>
        <prenoms>
            <prenom>Dpi Diamm</prenom>
        </prenoms>
        <sexe>Masculin</sexe>
        <nom_naissance>NOM USUEL SSR COMPLET</nom_naissance>
        <date_naissance>1987-01-01</date_naissance>
        <ipp>9924000080</ipp>
        <external_id></external_id>
    </patient>
    <anesthesiste internal_id="root">
        <ns2:nom>BOW</ns2:nom>
        <ns2:prenom>Medical</ns2:prenom>
        <ns2:rpps>10000088888</ns2:rpps>
        <ns2:adeli>31 8888888</ns2:adeli>
    </anesthesiste>
    <date_consultation>2025-01-27</date_consultation>
    <heure_consultation>09:06:51</heure_consultation>
    <commentaire_general></commentaire_general>
    <medecin_traitant internal_id="1">
        <ns2:nom>Non Désigné</ns2:nom>
        <ns2:prenom></ns2:prenom>
        <ns2:rpps></ns2:rpps>
        <ns2:adeli></ns2:adeli>
    </medecin_traitant>
    <poids_patient>
        <ns2:cle>poids_patient</ns2:cle>
        <ns2:valeur>60</ns2:valeur>
        <ns2:unite>kg</ns2:unite>
    </poids_patient>
    <taille_patient>
        <ns2:cle>taille_patient</ns2:cle>
        <ns2:valeur>160</ns2:valeur>
        <ns2:unite>cm</ns2:unite>
    </taille_patient>
    <documents>
        <document>
            <nom>cr_consultation_1806256.pdf</nom>
            <libelle>Compte rendu de la CS</libelle>
            <code_document>crConsultation</code_document>
        </document>
    </documents>
    <intervention_prevu internal_id="1806256">
        <date_entree>2024-10-16</date_entree>
        <heure_entree>10:35:00</heure_entree>
        <secteur_hospitalisation internal_id="50620">
            <ns2:libelle>SSR MOYEN SEJOUR</ns2:libelle>
            <ns2:code>SSR</ns2:code>
            <ns2:type_code>code externe</ns2:type_code>
        </secteur_hospitalisation>
        <sejour_id_administratif>24000119</sejour_id_administratif>
        <sejour_id_externe></sejour_id_externe>
        <date_debut_intervention>2025-01-30</date_debut_intervention>
        <heure_debut_intervention>14:00:00</heure_debut_intervention>
        <secteur_intervention internal_id="385">
            <ns2:libelle>Hospit</ns2:libelle>
        </secteur_intervention>
        <intervention>
            <ns2:type internal_id="">
                <ns2:libelle>Ponction parenchyme pulmonaire</ns2:libelle>
            </ns2:type>
            <ns2:cote internal_id="33">
                <ns2:libelle>Droit(e)</ns2:libelle>
                <ns2:code>droite</ns2:code>
                <ns2:type_code>code externe</ns2:type_code>
            </ns2:cote>
        </intervention>
        <operateur internal_id="7292">
            <ns2:nom>CHIROL</ns2:nom>
            <ns2:prenom>Jean Marc</ns2:prenom>
            <ns2:rpps>10002576915</ns2:rpps>
            <ns2:adeli></ns2:adeli>
        </operateur>
        <commentaire_intervention></commentaire_intervention>
    </intervention_prevu>
    <traitements/>
    <antecedents>
        <ATCD_chirurgicaux>
            <ATCD_chirurgical internal_id="1806261">
                <intervention>
                    <ns2:type internal_id="">
                        <ns2:libelle>Appendicectomie</ns2:libelle>
                    </ns2:type>
                </intervention>
                <date>10/12/2024</date>
                <operateur internal_id="910142">
                    <ns2:nom>CHIR 2</ns2:nom>
                    <ns2:prenom></ns2:prenom>
                    <ns2:rpps></ns2:rpps>
                    <ns2:adeli></ns2:adeli>
                </operateur>
                <type_anesthesie internal_id="91">
                    <ns2:libelle>Anesthésie générale</ns2:libelle>
                </type_anesthesie>
                <commentaire_atcd_chirurgicaux></commentaire_atcd_chirurgicaux>
            </ATCD_chirurgical>
        </ATCD_chirurgicaux>
        <ATCD_medicaux>
            <ATCD_medical internal_id="1806263">
                <maladie internal_id="42416">
                    <ns2:libelle>Glaucome</ns2:libelle>
                    <ns2:code>H40</ns2:code>
                    <ns2:type_code>cim10</ns2:type_code>
                </maladie>
                <date></date>
                <commentaire_atcd_medical></commentaire_atcd_medical>
            </ATCD_medical>
        </ATCD_medicaux>
        <risques_anesthesiques>
            <commentaire_risques_anesthesiques></commentaire_risques_anesthesiques>
        </risques_anesthesiques>
        <ATCD_allergiques>
            <ATCD_allergique internal_id="">
                <allergene internal_id="110">
                    <ns2:libelle>Latex</ns2:libelle>
                </allergene>
                <date></date>
                <intolerance>false</intolerance>
            </ATCD_allergique>
            <ATCD_allergique internal_id="">
                <allergene internal_id="2186">
                    <ns2:libelle>Avocat</ns2:libelle>
                </allergene>
                <date></date>
                <intolerance>false</intolerance>
                <commentaire_atcd_allergique>commentaire lié</commentaire_atcd_allergique>
            </ATCD_allergique>
            <ATCD_allergique internal_id="">
                <allergene internal_id="">
                    <ns2:libelle>allergie non structurée</ns2:libelle>
                </allergene>
                <date></date>
                <intolerance>false</intolerance>
                <commentaire_atcd_allergique>allergie non structurée</commentaire_atcd_allergique>
            </ATCD_allergique>
        </ATCD_allergiques>
    </antecedents>
    <examens>
        <cardio_vasculaire>
            <commentaire_cardio_vasculaire></commentaire_cardio_vasculaire>
            <sa02></sa02>
            <date></date>
            <echographies></echographies>
            <epreuves_efforts></epreuves_efforts>
            <scintigraphies_myocardiques></scintigraphies_myocardiques>
            <artériographies></artériographies>
            <doppler_tsa></doppler_tsa>
            <doppler_menbres_inf></doppler_menbres_inf>
            <coronarographie></coronarographie>
            <tdm_irm></tdm_irm>
            <auscultation></auscultation>
        </cardio_vasculaire>
        <respiratoire>
            <tabac_RAS>true</tabac_RAS>
            <efr></efr>
        </respiratoire>
        <rein>
            <creatine></creatine>
            <clairance_creatine></clairance_creatine>
            <commentaire_creatine></commentaire_creatine>
            <ecbu></ecbu>
        </rein>
        <foie>
            <alcool_RAS>true</alcool_RAS>
        </foie>
        <neurologie>
            <commentaire_colonne_vertèbrale></commentaire_colonne_vertèbrale>
            <atcd_rachidien></atcd_rachidien>
            <commentaire_examen_rachis></commentaire_examen_rachis>
        </neurologie>
        <hemostase>
            <deficit_en_facteur></deficit_en_facteur>
            <atcd_thrombo_emboliques_commentaire></atcd_thrombo_emboliques_commentaire>
        </hemostase>
        <digestif/>
        <orl>
            <protheses_dentaires>
                <prothese_dentaire internal_id="64">
                    <ns2:libelle>Aucune</ns2:libelle>
                </prothese_dentaire>
            </protheses_dentaires>
            <lentilles>
                <lentille internal_id="58">
                    <ns2:libelle>Oui</ns2:libelle>
                </lentille>
            </lentilles>
            <protheses_auditives>
                <prothese_auditive internal_id="57">
                    <ns2:libelle>Non</ns2:libelle>
                </prothese_auditive>
            </protheses_auditives>
            <surdites>
                <surdite internal_id="61">
                    <ns2:libelle>Droite</ns2:libelle>
                </surdite>
            </surdites>
            <commentaire_orl></commentaire_orl>
            <luxabilite_machoire>true</luxabilite_machoire>
            <ventilations_masques>
                <ventilation_masque internal_id="1900">
                    <ns2:libelle>NON</ns2:libelle>
                </ventilation_masque>
                <ventilation_masque internal_id="1901">
                    <ns2:libelle>NON</ns2:libelle>
                </ventilation_masque>
                <ventilation_masque internal_id="1902">
                    <ns2:libelle>NON</ns2:libelle>
                </ventilation_masque>
                <ventilation_masque internal_id="1903">
                    <ns2:libelle>OUI</ns2:libelle>
                </ventilation_masque>
                <ventilation_masque internal_id="1904">
                    <ns2:libelle>NON</ns2:libelle>
                </ventilation_masque>
                <ventilation_masque internal_id="1905">
                    <ns2:libelle>NON</ns2:libelle>
                </ventilation_masque>
                <ventilation_masque internal_id="1910">
                    <ns2:libelle>Non Désigné</ns2:libelle>
                </ventilation_masque>
            </ventilations_masques>
            <ouverture_bouche>40.0</ouverture_bouche>
            <dtm>45.0</dtm>
            <mobilite_tete_cou>130.0</mobilite_tete_cou>
            <score_arne>
                <ns2:cle>scoreArne</ns2:cle>
                <ns2:valeur>7</ns2:valeur>
                <ns2:libelle></ns2:libelle>
            </score_arne>
        </orl>
        <ophtalmo>
            <glaucome_commentaire></glaucome_commentaire>
            <decollement_retine_commentaire></decollement_retine_commentaire>
            <commentaire_ophtalmo></commentaire_ophtalmo>
        </ophtalmo>
    </examens>
    <synthese internal_id="1806255">
        <score_asa>
            <ns2:valeur>2</ns2:valeur>
            <ns2:libelle>Patient avec anomalie systémique modérée</ns2:libelle>
        </score_asa>
        <precautions_particulieres></precautions_particulieres>
        <pathologie_exposants_vomissements_induction>false</pathologie_exposants_vomissements_induction>
        <accords>accord_intervention</accords>
        <information_risque_anesthesique>true</information_risque_anesthesique>
        <discussion_benefice_risques>true</discussion_benefice_risques>
        <commentaire_synthese></commentaire_synthese>
        <facteurs_risques>
            <facteur_risque internal_id="">
                <ns2:libelle>Glaucome</ns2:libelle>
            </facteur_risque>
            <facteur_risque internal_id="">
                <ns2:libelle>Allergie Latex</ns2:libelle>
            </facteur_risque>
        </facteurs_risques>
        <protocole>
            <ALRs>
                <alr internal_id="49704">
                    <ns2:libelle>ALR</ns2:libelle>
                </alr>
            </ALRs>
            <anesthesie_general internal_id="5806">
                <ns2:libelle>AG +/- bloc</ns2:libelle>
            </anesthesie_general>
            <sedation internal_id="5867">
                <ns2:libelle>Diprivan pur</ns2:libelle>
            </sedation>
            <analgesie_post_operatoire internal_id="433">
                <ns2:libelle>Moyenne</ns2:libelle>
            </analgesie_post_operatoire>
            <diver>commentaire du protocole d'anesthésie</diver>
        </protocole>
        <arret_alimentaire></arret_alimentaire>
        <type_produit_sang></type_produit_sang>
        <anesth_prevu_bloc internal_id="n.tavernier">
            <ns2:nom>TAVERNIER</ns2:nom>
            <ns2:prenom>Nicolas</ns2:prenom>
            <ns2:rpps></ns2:rpps>
            <ns2:adeli></ns2:adeli>
        </anesth_prevu_bloc>
        <devenir_patient></devenir_patient>
        <protocoles_ATBP>
            <protocole_ATBP product_id="1806367" internal_id="1806367">
                <produit_perop internal_id="">
                    <ns2:libelle>AMOXICILLINE 2G PANPH PDR IV</ns2:libelle>
                    <ns2:cip></ns2:cip>
                    <ns2:ucd>9192076</ns2:ucd>
                    <ns2:dose>1</ns2:dose>
                    <ns2:dose2>1</ns2:dose2>
                    <ns2:heure_induction>H - 30 min</ns2:heure_induction>
                    <ns2:heure_readmin>1</ns2:heure_readmin>
                </produit_perop>
            </protocole_ATBP>
            <protocole_ATBP product_id="1806365" internal_id="1806365">
                <produit_perop internal_id="">
                    <ns2:libelle>VANCOMYCINE 1G SANDOZ PDR IV</ns2:libelle>
                    <ns2:cip></ns2:cip>
                    <ns2:ucd>9272680</ns2:ucd>
                    <ns2:dose>1</ns2:dose>
                    <ns2:heure_induction>H - 1 H</ns2:heure_induction>
                    <ns2:heure_readmin></ns2:heure_readmin>
                </produit_perop>
            </protocole_ATBP>
            <protocole_ATBP product_id="1806366" internal_id="1806366">
                <produit_perop internal_id="">
                    <ns2:libelle>GENTAMICINE 80MG/2ML PANPH AMP</ns2:libelle>
                    <ns2:cip></ns2:cip>
                    <ns2:ucd>9121076</ns2:ucd>
                    <ns2:dose>1/2</ns2:dose>
                    <ns2:heure_induction>À l'arrivée au bloc</ns2:heure_induction>
                    <ns2:heure_readmin></ns2:heure_readmin>
                </produit_perop>
            </protocole_ATBP>
        </protocoles_ATBP>
    </synthese>
    <scores/>
    <visite_pre_anesthesie>
        <date>2025-01-27T00:00:00</date>
        <anesthesiste internal_id="root">
            <ns2:nom>BOW</ns2:nom>
            <ns2:prenom>Medical</ns2:prenom>
            <ns2:rpps>10000088888</ns2:rpps>
            <ns2:adeli>31 8888888</ns2:adeli>
        </anesthesiste>
        <modification_depuis_cs>true</modification_depuis_cs>
        <bilans_vus>true</bilans_vus>
        <protocole_confirme>false</protocole_confirme>
        <patient_informe_modif_proto>true</patient_informe_modif_proto>
        <commentaire>Commentaire VPA gfff</commentaire>
    </visite_pre_anesthesie>
</consultation>
