﻿donnée enregistrée;Balise initiale;Balise complémentaire;Balise complémentaire;Commentaire
Nom;patient.nom;;;
Prénom;patient.prenoms.prenom;;;
Date de naissance;patient.date_naissance;;;
Sexe;patient.sexe;;;A enregistrer au format 'M', 'F' ou vide
IPP;patient.ipp;;;
Date d’intervention ;intervention_prevu.date_debut_intervention;;;
Type d’intervention prévue ;intervention_prevu,intervention.type.libelle;intervention_prevu,intervention.cote.libelle;intervention_prevu,intervention.Commentaire_intervention.libelle;
Chirurgien prévu ;Intervention_prevu.Operateur.Nom;Intervention_prevu.Operateur.prenom;;
Poids;poids_patient.valeur;;;
Taille;taille_patient.valeur;;;
Allergies;Antecedents.ATCD_allergiques.ATCD_allergique.Libelle;Antecedents.ATCD_allergiques.ATCD_allergique.commentaire_atcd_allergique;;récupération de la liste. Non complet
Facteur de risque;Synthese.Infos_transmettre_bloc.Info_transmettre_bloc[hh].Libelle;Synthese.Facteurs_risques.Libelle;;"récupération de la liste séparé par ||. Préfixé par ""Facteurs de risques : """
ASA;Synthese.Score_asa,Valeur;;;
Précautions particulières;Synthese.Precautions_particulieres;; ;"Préfixé par ""Précautions particulières :  """
motif de staff;Staff.Etat;;;Les valeurs ('', 'NO_STAFF' ,'TO_STAFF', 'STAFF_DONE') correspondent à ('B', 'B' ,'S', 'V')
Conclusion de staff;;;;
Date consultation;date_consultation;;;
Anesthésiste en consultation;anesthesiste.nom;anesthesiste.prenom;;
Etat dentaire et auditif;;;;
Mallampati ;;;;
Luxabilité mâchoire ;;;;
Ouverture de la bouche ;;;;
Distance ThyroMentonnière ;;;;
Mobilité tête cou ;;;;
Accès aux voies aériennes ;;;;
Protocole d'anesthésie( ALR / Anesthésie générale / Sédation);Synthese.Protocole.Sedation.libelle;Synthese.Protocole.ALRs.Libelle (liste);Synthese.Protocole.Anesthesie_general.libelle;Séparé par ||
Analgésique post-opératoire;Synthese.Protocole.analgesie_post_operatoire.libelle;;;
Commentaire protocole;Synthese.Protocole.Diver;;;
Antibioprophylxie;Synthese.Protocoles_ATBP.Protocole_ATBP.Produit_perop.Libelle;;;Liste séparée par ||
Dossier complet visite préanesthésique ;Visite_pre_anesthesie;;;O' si balise existante. Si non existant, les champs suivants ne sont pas renseignés
Dossier complet visite préanesthésique ;Visite_pre_anesthesie.Modification_depuis_cs;;;O' si vraie, 'N' sinon
Bilan vus;Visite_pre_anesthesie.bilans_vus;;;O' si vraie, 'N' sinon
Protocole depuis la CS confirmé;Visite_pre_anesthesie.Protocole_confirme ;;;O' si vraie, 'N' sinon
Patient informé de la modification du protocole;Visite_pre_anesthesie.Patient_informe_modif_proto;;;O' si vraie, 'N' sinon
Commentaire de la VPA;Visite_pre_anesthesie.Commentaire;;;
